{
  "feature_columns": [
    "adx",
    "atr",
    "atr_sma50",
    "bb_lower",
    "bb_middle",
    "bb_pband",
    "bb_upper",
    "cci",
    "close",
    "ema10",
    "ema20",
    "ema200",
    "ema50",
    "high",
    "low",
    "macd",
    "macd_hist",
    "macd_signal",
    "market_regime",
    "open",
    "pat_doji",
    "pat_engulfing",
    "pat_hammer",
    "regime_liq",
    "regime_trend",
    "regime_vol",
    "rsi",
    "sma10",
    "sma20",
    "sma5",
    "sma50",
    "stoch_d",
    "stoch_k",
    "ticker_id",
    "vol_rel",
    "vol_roc",
    "vol_sma20",
    "volume",
    "willr"
  ],
  "class_mapping": {
    "0": "sell",
    "1": "buy"
  },
  "timeframe": "M30",
  "lookback": 64,
  "horizon": 4,
  "threshold": 0.003,
  "val_size": 0.15,
  "test_size": 0.15,
  "tickers": [
    "AFKS",
    "AFLT",
    "ALRS",
    "ASTR",
    "BSPB",
    "CBOM",
    "CHMF",
    "ENPG",
    "FEES",
    "FLOT",
    "GAZP",
    "GMKN",
    "HEAD",
    "HYDR",
    "IRAO",
    "LEAS",
    "LKOH",
    "MAGN",
    "MGNT",
    "MOEX",
    "MSNG",
    "MTLR",
    "MTSS",
    "NLMK",
    "NVTK",
    "PHOR",
    "PIKK",
    "PLZL",
    "POSI",
    "ROSN",
    "RTKM",
    "RUAL",
    "SBER",
    "SELG",
    "SMLT",
    "SNGS",
    "SVCB",
    "T",
    "TATN",
    "UGLD",
    "UPRO",
    "VKCO",
    "VTBR",
    "YDEX"
  ],
  "val_report": {
    "sell": {
      "precision": 0.7550475748433512,
      "recall": 0.7640014089468122,
      "f1-score": 0.7594981032973446,
      "support": 8517.0
    },
    "buy": {
      "precision": 0.762719867784205,
      "recall": 0.7537330844610359,
      "f1-score": 0.7581998474446987,
      "support": 8572.0
    },
    "accuracy": 0.7588507226871086,
    "macro avg": {
      "precision": 0.758883721313778,
      "recall": 0.7588672467039241,
      "f1-score": 0.7588489753710217,
      "support": 17089.0
    },
    "weighted avg": {
      "precision": 0.7588960677387225,
      "recall": 0.7588507226871086,
      "f1-score": 0.7588468861887439,
      "support": 17089.0
    }
  },
  "test_report": {
    "sell": {
      "precision": 0.7475695229482252,
      "recall": 0.7735407650017546,
      "f1-score": 0.7603334291463064,
      "support": 8549.0
    },
    "buy": {
      "precision": 0.7651625424551188,
      "recall": 0.738555204308629,
      "f1-score": 0.751623473339291,
      "support": 8541.0
    },
    "accuracy": 0.7560561732007022,
    "macro avg": {
      "precision": 0.756366032701672,
      "recall": 0.7560479846551917,
      "f1-score": 0.7559784512427987,
      "support": 17090.0
    },
    "weighted avg": {
      "precision": 0.7563619149674399,
      "recall": 0.7560561732007022,
      "f1-score": 0.7559804898515305,
      "support": 17090.0
    }
  }
}